,n,random_state,train_BA,train_auroc,val_BA,val_auroc,test_BA,test_auroc
0,60,1001,[0.94230769 1.         0.95833333],[0.94711538 1.         0.98784722],[0.61942803 0.58751075 0.53234439],[0.65792589 0.62129355 0.54045771],[0.63478211 0.59208389 0.525978  ],[0.68146178 0.62921845 0.53891822]
1,60,2001,[0.8729128  0.93413729 0.87      ],[0.93135436 0.97402597 0.944     ],[0.60432634 0.65376391 0.59196541],[0.63529383 0.70005993 0.60730542],[0.63632246 0.68327319 0.55971853],[0.67481895 0.73329345 0.57760455]
2,60,3001,[0.91509434 0.94642857 0.84451718],[0.95687332 0.97321429 0.88543372],[0.61286546 0.62109082 0.59743443],[0.64950628 0.64696852 0.61329442],[0.61860522 0.63458973 0.5932116 ],[0.66587901 0.676024   0.61319416]
3,94,1001,[0.79962013 0.86137821 1.        ],[0.86609687 0.89823718 1.        ],[0.62644365 0.67323675 0.51190666],[0.6638512  0.72635005 0.51174208],[0.62645119 0.69606177 0.50651384],[0.68187603 0.74445413 0.50922037]
4,94,2001,[0.85802469 0.96794872 0.79333333],[0.90598291 0.98477564 0.8645614 ],[0.60141296 0.65645398 0.58403669],[0.62878266 0.7079779  0.60172799],[0.62676233 0.69283273 0.55839233],[0.6693788  0.74509771 0.57148074]
5,94,3001,[0.81910569 0.95882353 0.73106061],[0.88821138 0.96601307 0.81186869],[0.63310343 0.62547451 0.60022759],[0.66969153 0.6639774  0.61885826],[0.63198878 0.63899232 0.6026706 ],[0.67392756 0.70247533 0.62146725]
6,147,1001,[0.79627863 0.77693089 0.82904734],[0.80057252 0.84586721 0.88018703],[0.6304325  0.67857076 0.5320226 ],[0.66756683 0.72872203 0.54265735],[0.65054961 0.70133704 0.55152161],[0.69242078 0.74463122 0.5676591 ]
7,147,2001,[0.839819   0.896      0.80691057],[0.86968326 0.93381818 0.87093496],[0.61402393 0.67072865 0.58730637],[0.63593705 0.718729   0.60834226],[0.63074416 0.69725444 0.56445632],[0.68072064 0.74957396 0.5820137 ]
8,147,3001,[0.81167763 0.83139535 0.72436231],[0.85032895 0.86003445 0.7782405 ],[0.63761078 0.67512174 0.59780048],[0.66951211 0.71753372 0.61507358],[0.63568224 0.68137228 0.595745  ],[0.67734272 0.7394443  0.61937171]
